"message","intent"
"Let's meet 7PM","event"
"Call with Sara at 6PM","event"
"Planning session at 6PM","event"
"Meeting with design team Tuesday","event"
"Let's connect Thursday","event"
"Team sync scheduled for Friday","event"
"Let's meet 6PM","event"
"Let's connect Friday","event"
"Let's meet 7PM","event"
"Meeting with design team Friday","event"
"Call with John at 7PM","event"
"Project review at 9AM","event"
"Meeting with design team Thursday","event"
"Client meeting on Friday","event"
"Scheduling a quick meeting for Tuesday","event"
"Team sync scheduled for tomorrow","event"
"Let's connect Monday","event"
"Call with Alex at 6PM","event"
"Let's connect next week","event"
"Let's catch up Thursday at 2PM","event"
"Planning session at 8PM","event"
"Let's connect Wednesday","event"
"Meeting with design team Thursday","event"
"Scheduling a quick meeting for tomorrow","event"
"Project review at 9AM","event"
"Let's connect Wednesday","event"
"Let's connect today","event"
"Meeting with design team Monday","event"
"Let's meet 4PM","event"
"Planning session at 6PM","event"
"Planning session at 4PM","event"
"Meeting with design team Tuesday","event"
"Let's connect next week","event"
"Planning session at 9AM","event"
"Call with John at 7PM","event"
"Let's catch up today at 9AM","event"
"Let's connect Friday","event"
"Call with Priya at 2PM","event"
"Planning session at 9AM","event"
"Let's connect next week","event"
"Scheduling a quick meeting for Tuesday","event"
"Team sync scheduled for next week","event"
"Project review at 7PM","event"
"Team sync scheduled for tomorrow","event"
"Scheduling a quick meeting for Friday","event"
"Planning session at 10AM","event"
"Meeting with design team tomorrow","event"
"Team sync scheduled for next week","event"
"Planning session at 6PM","event"
"Scheduling a quick meeting for Wednesday","event"
"Call with Priya at 10AM","event"
"Planning session at 7PM","event"
"Meeting with design team tomorrow","event"
"Let's catch up Wednesday at 8PM","event"
"Team sync scheduled for Friday","event"
"Scheduling a quick meeting for Wednesday","event"
"Team sync scheduled for today","event"
"Meeting with design team today","event"
"Let's connect Thursday","event"
"Let's catch up Monday at 2PM","event"
"Scheduling a quick meeting for Tuesday","event"
"Meeting with design team Wednesday","event"
"Let's meet 9AM","event"
"Call with Riya at 4PM","event"
"Let's meet 6PM","event"
"Meeting with design team Monday","event"
"Let's catch up tomorrow at 9AM","event"
"Let's connect today","event"
"Project review at 8PM","event"
"Client meeting on tomorrow","event"
"Project review at 4PM","event"
"Client meeting on Wednesday","event"
"Meeting with design team today","event"
"Scheduling a quick meeting for next week","event"
"Let's connect Monday","event"
"Team sync scheduled for next week","event"
"Let's meet 2PM","event"
"Call with Riya at 7PM","event"
"Let's catch up Friday at 10AM","event"
"Team sync scheduled for Friday","event"
"Let's catch up tomorrow at 8PM","event"
"Call with John at 2PM","event"
"Team sync scheduled for Thursday","event"
"Project review at 8PM","event"
"Client meeting on Tuesday","event"
"Meeting with design team Friday","event"
"Let's meet 10AM","event"
"Client meeting on tomorrow","event"
"Planning session at 9AM","event"
"Team sync scheduled for next week","event"
"Call with Amit at 8PM","event"
"Let's meet 6PM","event"
"Meeting with design team Friday","event"
"Planning session at 2PM","event"
"Project review at 8PM","event"
"Scheduling a quick meeting for Thursday","event"
"Project review at 6PM","event"
"Project review at 9AM","event"
"Team sync scheduled for today","event"
"Let's connect Thursday","event"
"Meeting with design team today","event"
"Call with Maya at 2PM","event"
"Meeting with design team Wednesday","event"
"Call with Priya at 6PM","event"
"Planning session at 9AM","event"
"Let's catch up Wednesday at 6PM","event"
"Let's catch up tomorrow at 2PM","event"
"Scheduling a quick meeting for today","event"
"Team sync scheduled for today","event"
"Scheduling a quick meeting for next week","event"
"Meeting with design team Friday","event"
"Let's catch up Wednesday at 8PM","event"
"Project review at 8PM","event"
"Let's connect Friday","event"
"Client meeting on today","event"
"Let's meet 9AM","event"
"Meeting with design team Wednesday","event"
"Project review at 9AM","event"
"Let's meet 2PM","event"
"Meeting with design team Friday","event"
"Let's connect today","event"
"Let's catch up Tuesday at 2PM","event"
"Client meeting on Wednesday","event"
"Call with Alex at 9AM","event"
"Team sync scheduled for Wednesday","event"
"Project review at 2PM","event"
"Project review at 9AM","event"
"Scheduling a quick meeting for Wednesday","event"
"Meeting with design team Friday","event"
"Meeting with design team tomorrow","event"
"Planning session at 4PM","event"
"Team sync scheduled for Tuesday","event"
"Planning session at 10AM","event"
"Call with Sara at 4PM","event"
"Team sync scheduled for Wednesday","event"
"Let's catch up Thursday at 9AM","event"
"Let's catch up next week at 2PM","event"
"Let's meet 2PM","event"
"Let's connect Wednesday","event"
"Planning session at 7PM","event"
"Call with Riya at 10AM","event"
"Project review at 4PM","event"
"Client meeting on Monday","event"
"Planning session at 4PM","event"
"Let's connect Friday","event"
"Let's meet 6PM","event"
"Meeting with design team next week","event"
"Let's connect today","event"
"Scheduling a quick meeting for today","event"
"Let's connect Wednesday","event"
"Let's meet 8PM","event"
"Project review at 2PM","event"
"Let's connect Thursday","event"
"Team sync scheduled for Monday","event"
"Planning session at 7PM","event"
"Meeting with design team today","event"
"Project review at 6PM","event"
"Call with John at 2PM","event"
"Call with Sam at 8PM","event"
"Let's connect tomorrow","event"
"Call with Alex at 2PM","event"
"Call with John at 4PM","event"
"Scheduling a quick meeting for next week","event"
"Call with Riya at 8PM","event"
"Let's meet 7PM","event"
"Call with Sam at 8PM","event"
"Planning session at 2PM","event"
"Call with John at 2PM","event"
"Client meeting on tomorrow","event"
"Call with Priya at 8PM","event"
"Call with Sam at 2PM","event"
"Project review at 8PM","event"
"Let's connect tomorrow","event"
"Client meeting on Tuesday","event"
"Call with Sam at 8PM","event"
"Call with Maya at 10AM","event"
"Planning session at 6PM","event"
"Client meeting on tomorrow","event"
"Meeting with design team Wednesday","event"
"Scheduling a quick meeting for tomorrow","event"
"Project review at 6PM","event"
"Client meeting on Friday","event"
"Team sync scheduled for Friday","event"
"Project review at 4PM","event"
"Planning session at 9AM","event"
"Let's connect Thursday","event"
"Project review at 8PM","event"
"Call with Riya at 9AM","event"
"Let's connect Friday","event"
"Planning session at 7PM","event"
"Meeting with design team today","event"
"Scheduling a quick meeting for Friday","event"
"Scheduling a quick meeting for Monday","event"
"Let's meet 8PM","event"
"Planning session at 10AM","event"
"Let's meet 10AM","event"
"Project review at 8PM","event"
"Project review at 8PM","event"
"Scheduling a quick meeting for today","event"
"Planning session at 9AM","event"
"Client meeting on Tuesday","event"
"Team sync scheduled for Friday","event"
"Let's connect tomorrow","event"
"Scheduling a quick meeting for Friday","event"
"Meeting with design team Friday","event"
"Let's catch up next week at 2PM","event"
"Team sync scheduled for Wednesday","event"
"Let's meet 8PM","event"
"Planning session at 8PM","event"
"Project review at 7PM","event"
"Client meeting on today","event"
"Team sync scheduled for Thursday","event"
"Team sync scheduled for next week","event"
"Team sync scheduled for Wednesday","event"
"Scheduling a quick meeting for Wednesday","event"
"Let's meet 9AM","event"
"Team sync scheduled for Wednesday","event"
"Team sync scheduled for next week","event"
"Scheduling a quick meeting for Wednesday","event"
"Let's catch up Friday at 7PM","event"
"Let's catch up Wednesday at 7PM","event"
"Meeting with design team Wednesday","event"
"Let's meet 7PM","event"
"Let's meet 8PM","event"
"Meeting with design team Wednesday","event"
"Let's meet 8PM","event"
"Let's connect Wednesday","event"
"Let's meet 9AM","event"
"Client meeting on Wednesday","event"
"Call with Maya at 9AM","event"
"Let's meet 6PM","event"
"Meeting with design team Friday","event"
"Let's connect Tuesday","event"
"Call with Riya at 10AM","event"
"Meeting with design team Monday","event"
"Scheduling a quick meeting for Wednesday","event"
"Call with John at 4PM","event"
"Let's catch up today at 8PM","event"
"Call with Priya at 10AM","event"
"Call with Priya at 6PM","event"
"Call with Alex at 2PM","event"
"Team sync scheduled for Monday","event"
"Planning session at 9AM","event"
"Let's catch up Friday at 6PM","event"
"Call with Sam at 7PM","event"
"Client meeting on Tuesday","event"
"Client meeting on Tuesday","event"
"Let's connect Tuesday","event"
"Planning session at 9AM","event"
"Planning session at 2PM","event"
"Test the signup bug feature","task"
"Finish testing script before Tuesday","task"
"Please complete the testing script by Tuesday","task"
"Deploy invoice changes","task"
"Review the dashboard document","task"
"Assign database migration to Sam","task"
"Review the signup bug document","task"
"Can you fix the UI update issue?","task"
"Finish marketing plan before Monday","task"
"Review the marketing plan document","task"
"Work on report enhancement","task"
"Review the invoice document","task"
"Finish invoice before Thursday","task"
"Work on UI update enhancement","task"
"Can you fix the marketing plan issue?","task"
"Check the API integration logs","task"
"Check the report logs","task"
"Check the invoice logs","task"
"Assign database migration to Riya","task"
"Work on report enhancement","task"
"Finish signup bug before Monday","task"
"Finish API integration before Thursday","task"
"Assign invoice to Riya","task"
"Work on testing script enhancement","task"
"Can you fix the marketing plan issue?","task"
"Review the API integration document","task"
"Review the marketing plan document","task"
"Work on signup bug enhancement","task"
"Deploy invoice changes","task"
"Test the API integration feature","task"
"Finish dashboard before today","task"
"Can you fix the testing script issue?","task"
"Finish marketing plan before next week","task"
"Assign testing script to Alex","task"
"Deploy signup bug changes","task"
"Test the testing script feature","task"
"Work on API integration enhancement","task"
"Please complete the testing script by Tuesday","task"
"Deploy marketing plan changes","task"
"Work on dashboard enhancement","task"
"Deploy API integration changes","task"
"Work on invoice enhancement","task"
"Work on report enhancement","task"
"Check the dashboard logs","task"
"Review the marketing plan document","task"
"Finish signup bug before Friday","task"
"Test the testing script feature","task"
"Update the dashboard file today","task"
"Please complete the API integration by tomorrow","task"
"Update the report file today","task"
"Assign UI update to Priya","task"
"Work on marketing plan enhancement","task"
"Can you fix the database migration issue?","task"
"Review the signup bug document","task"
"Test the marketing plan feature","task"
"Review the dashboard document","task"
"Work on dashboard enhancement","task"
"Please complete the dashboard by next week","task"
"Deploy marketing plan changes","task"
"Work on marketing plan enhancement","task"
"Update the invoice file today","task"
"Update the testing script file today","task"
"Work on report enhancement","task"
"Update the report file today","task"
"Finish signup bug before Wednesday","task"
"Assign testing script to Amit","task"
"Test the UI update feature","task"
"Review the testing script document","task"
"Please complete the dashboard by Tuesday","task"
"Work on UI update enhancement","task"
"Can you fix the dashboard issue?","task"
"Review the testing script document","task"
"Finish database migration before Monday","task"
"Deploy database migration changes","task"
"Finish invoice before Thursday","task"
"Review the marketing plan document","task"
"Update the signup bug file today","task"
"Please complete the marketing plan by Friday","task"
"Assign signup bug to Sara","task"
"Can you fix the UI update issue?","task"
"Check the signup bug logs","task"
"Update the invoice file today","task"
"Deploy dashboard changes","task"
"Please complete the UI update by Friday","task"
"Can you fix the invoice issue?","task"
"Assign database migration to Maya","task"
"Can you fix the signup bug issue?","task"
"Test the report feature","task"
"Work on report enhancement","task"
"Test the marketing plan feature","task"
"Please complete the UI update by tomorrow","task"
"Review the dashboard document","task"
"Update the API integration file today","task"
"Assign dashboard to Sam","task"
"Review the dashboard document","task"
"Check the marketing plan logs","task"
"Assign API integration to Maya","task"
"Assign signup bug to Maya","task"
"Deploy invoice changes","task"
"Test the UI update feature","task"
"Deploy API integration changes","task"
"Deploy signup bug changes","task"
"Review the database migration document","task"
"Work on signup bug enhancement","task"
"Test the report feature","task"
"Deploy UI update changes","task"
"Check the invoice logs","task"
"Test the signup bug feature","task"
"Can you fix the database migration issue?","task"
"Can you fix the API integration issue?","task"
"Update the UI update file today","task"
"Assign API integration to Sam","task"
"Assign report to John","task"
"Test the API integration feature","task"
"Deploy invoice changes","task"
"Update the signup bug file today","task"
"Update the dashboard file today","task"
"Review the API integration document","task"
"Deploy UI update changes","task"
"Check the signup bug logs","task"
"Check the API integration logs","task"
"Finish dashboard before Friday","task"
"Update the signup bug file today","task"
"Can you fix the report issue?","task"
"Deploy database migration changes","task"
"Check the invoice logs","task"
"Finish dashboard before Wednesday","task"
"Please complete the dashboard by Friday","task"
"Please complete the invoice by next week","task"
"Update the signup bug file today","task"
"Please complete the report by today","task"
"Review the UI update document","task"
"Test the signup bug feature","task"
"Finish report before Thursday","task"
"Assign testing script to Alex","task"
"Deploy API integration changes","task"
"Test the invoice feature","task"
"Update the database migration file today","task"
"Work on testing script enhancement","task"
"Please complete the UI update by Friday","task"
"Update the testing script file today","task"
"Deploy signup bug changes","task"
"Can you fix the invoice issue?","task"
"Test the UI update feature","task"
"Can you fix the testing script issue?","task"
"Review the marketing plan document","task"
"Please complete the signup bug by Tuesday","task"
"Deploy testing script changes","task"
"Work on report enhancement","task"
"Can you fix the testing script issue?","task"
"Can you fix the invoice issue?","task"
"Update the dashboard file today","task"
"Please complete the invoice by Monday","task"
"Work on API integration enhancement","task"
"Assign testing script to Maya","task"
"Can you fix the UI update issue?","task"
"Work on invoice enhancement","task"
"Review the invoice document","task"
"Assign marketing plan to Sara","task"
"Test the dashboard feature","task"
"Assign marketing plan to Sara","task"
"Please complete the marketing plan by next week","task"
"Review the report document","task"
"Assign UI update to Sara","task"
"Assign invoice to Sara","task"
"Work on signup bug enhancement","task"
"Check the marketing plan logs","task"
"Test the marketing plan feature","task"
"Update the API integration file today","task"
"Finish signup bug before Tuesday","task"
"Test the API integration feature","task"
"Update the API integration file today","task"
"Finish marketing plan before Monday","task"
"Can you fix the testing script issue?","task"
"Finish database migration before Monday","task"
"Deploy marketing plan changes","task"
"Can you fix the API integration issue?","task"
"Finish database migration before today","task"
"Please complete the dashboard by today","task"
"Check the database migration logs","task"
"Update the UI update file today","task"
"Check the testing script logs","task"
"Can you fix the marketing plan issue?","task"
"Please complete the report by Friday","task"
"Assign API integration to Sara","task"
"Test the dashboard feature","task"
"Update the UI update file today","task"
"Update the dashboard file today","task"
"Update the API integration file today","task"
"Update the database migration file today","task"
"Test the marketing plan feature","task"
"Can you fix the dashboard issue?","task"
"Please complete the marketing plan by next week","task"
"Deploy UI update changes","task"
"Test the marketing plan feature","task"
"Can you fix the report issue?","task"
"Can you fix the dashboard issue?","task"
"Check the signup bug logs","task"
"Check the testing script logs","task"
"Please complete the signup bug by Tuesday","task"
"Finish marketing plan before tomorrow","task"
"Can you fix the API integration issue?","task"
"Assign signup bug to Priya","task"
"Please complete the testing script by today","task"
"Please complete the testing script by tomorrow","task"
"Assign testing script to Priya","task"
"Deploy dashboard changes","task"
"Finish marketing plan before tomorrow","task"
"Please complete the testing script by Tuesday","task"
"Update the API integration file today","task"
"Assign report to Amit","task"
"Work on report enhancement","task"
"Update the UI update file today","task"
"Check the API integration logs","task"
"Deploy testing script changes","task"
"Please complete the report by Tuesday","task"
"Test the dashboard feature","task"
"Assign testing script to Sara","task"
"Test the database migration feature","task"
"Deploy marketing plan changes","task"
"Finish UI update before today","task"
"Deploy signup bug changes","task"
"Test the marketing plan feature","task"
"Deploy dashboard changes","task"
"Check the marketing plan logs","task"
"Finish dashboard before Thursday","task"
"Finish report before today","task"
"Please complete the marketing plan by Wednesday","task"
"Update the testing script file today","task"
"Finish report before next week","task"
"Assign dashboard to Sara","task"
"Can you fix the marketing plan issue?","task"
"Assign testing script to Alex","task"
"Assign database migration to Alex","task"
"Please complete the database migration by Tuesday","task"
"Deploy report changes","task"
"Check the testing script logs","task"
"Please complete the report by Wednesday","task"
"Deploy marketing plan changes","task"
"Review the dashboard document","task"
"Can you fix the testing script issue?","task"
"Update the database migration file today","task"
"Update the UI update file today","task"
"Deploy signup bug changes","task"
"Deploy invoice changes","task"
"Review the invoice document","task"
"Review the invoice document","task"
"Check the database migration logs","task"
"Review the testing script document","task"
"Deploy testing script changes","task"
"Just reminding you about invoice","reminder"
"Set a reminder for API integration","reminder"
"Just reminding you about dashboard","reminder"
"Reminder: report needs to be done by Friday","reminder"
"Double-check API integration today","reminder"
"Double-check API integration today","reminder"
"Reminder: API integration needs to be done by Monday","reminder"
"Just reminding you about testing script","reminder"
"Just reminding you about invoice","reminder"
"Don't forget to invoice","reminder"
"Follow up on dashboard tomorrow","reminder"
"Ping me about database migration later","reminder"
"Follow up on marketing plan tomorrow","reminder"
"Set a reminder for database migration","reminder"
"Double-check database migration today","reminder"
"Double-check report today","reminder"
"Set a reminder for testing script","reminder"
"Make sure to testing script before Tuesday","reminder"
"Don't forget to signup bug","reminder"
"Follow up on API integration tomorrow","reminder"
"Just reminding you about invoice","reminder"
"Set a reminder for signup bug","reminder"
"Double-check dashboard today","reminder"
"Set a reminder for UI update","reminder"
"Don't forget to database migration","reminder"
"Double-check invoice today","reminder"
"Reminder: UI update needs to be done by tomorrow","reminder"
"Just reminding you about database migration","reminder"
"Don't forget to UI update","reminder"
"Keep in mind to signup bug","reminder"
"Ping me about report later","reminder"
"Double-check UI update today","reminder"
"Reminder: testing script needs to be done by today","reminder"
"Ping me about API integration later","reminder"
"Don't forget to dashboard","reminder"
"Reminder: report needs to be done by today","reminder"
"Ping me about dashboard later","reminder"
"Reminder: API integration needs to be done by Wednesday","reminder"
"Don't forget to marketing plan","reminder"
"Please remember to database migration","reminder"
"Follow up on dashboard tomorrow","reminder"
"Reminder: API integration needs to be done by Tuesday","reminder"
"Follow up on database migration tomorrow","reminder"
"Make sure to dashboard before Friday","reminder"
"Don't forget to API integration","reminder"
"Follow up on API integration tomorrow","reminder"
"Make sure to testing script before today","reminder"
"Keep in mind to UI update","reminder"
"Keep in mind to dashboard","reminder"
"Make sure to marketing plan before Monday","reminder"
"Just reminding you about testing script","reminder"
"Reminder: testing script needs to be done by Thursday","reminder"
"Reminder: marketing plan needs to be done by tomorrow","reminder"
"Don't forget to signup bug","reminder"
"Set a reminder for signup bug","reminder"
"Follow up on UI update tomorrow","reminder"
"Ping me about invoice later","reminder"
"Double-check invoice today","reminder"
"Follow up on database migration tomorrow","reminder"
"Don't forget to report","reminder"
"Don't forget to report","reminder"
"Follow up on invoice tomorrow","reminder"
"Follow up on testing script tomorrow","reminder"
"Just reminding you about invoice","reminder"
"Don't forget to signup bug","reminder"
"Ping me about dashboard later","reminder"
"Just reminding you about API integration","reminder"
"Don't forget to API integration","reminder"
"Double-check invoice today","reminder"
"Follow up on invoice tomorrow","reminder"
"Reminder: report needs to be done by Tuesday","reminder"
"Follow up on report tomorrow","reminder"
"Keep in mind to report","reminder"
"Please remember to signup bug","reminder"
"Make sure to marketing plan before tomorrow","reminder"
"Don't forget to database migration","reminder"
"Please remember to report","reminder"
"Just reminding you about marketing plan","reminder"
"Make sure to dashboard before Monday","reminder"
"Don't forget to marketing plan","reminder"
"Just reminding you about dashboard","reminder"
"Please remember to invoice","reminder"
"Follow up on signup bug tomorrow","reminder"
"Follow up on invoice tomorrow","reminder"
"Set a reminder for signup bug","reminder"
"Make sure to UI update before Tuesday","reminder"
"Keep in mind to testing script","reminder"
"Please remember to UI update","reminder"
"Follow up on UI update tomorrow","reminder"
"Double-check report today","reminder"
"Just reminding you about API integration","reminder"
"Make sure to API integration before Wednesday","reminder"
"Keep in mind to dashboard","reminder"
"Reminder: database migration needs to be done by today","reminder"
"Reminder: invoice needs to be done by today","reminder"
"Double-check report today","reminder"
"Follow up on report tomorrow","reminder"
"Reminder: invoice needs to be done by today","reminder"
"Don't forget to dashboard","reminder"
"Keep in mind to report","reminder"
"Please remember to dashboard","reminder"
"Reminder: invoice needs to be done by Wednesday","reminder"
"Please remember to testing script","reminder"
"Just reminding you about marketing plan","reminder"
"Keep in mind to API integration","reminder"
"Reminder: testing script needs to be done by Wednesday","reminder"
"Reminder: report needs to be done by Monday","reminder"
"Follow up on report tomorrow","reminder"
"Double-check API integration today","reminder"
"Ping me about testing script later","reminder"
"Make sure to API integration before Monday","reminder"
"Ping me about API integration later","reminder"
"Set a reminder for marketing plan","reminder"
"Follow up on signup bug tomorrow","reminder"
"Double-check API integration today","reminder"
"Make sure to API integration before Thursday","reminder"
"Make sure to dashboard before tomorrow","reminder"
"Please remember to report","reminder"
"Double-check UI update today","reminder"
"Make sure to testing script before Tuesday","reminder"
"Set a reminder for invoice","reminder"
"Make sure to dashboard before Thursday","reminder"
"Double-check UI update today","reminder"
"Double-check UI update today","reminder"
"Please remember to invoice","reminder"
"Ping me about invoice later","reminder"
"Make sure to database migration before Monday","reminder"
"Just reminding you about marketing plan","reminder"
"Follow up on dashboard tomorrow","reminder"
"Ping me about invoice later","reminder"
"Keep in mind to database migration","reminder"
"Set a reminder for testing script","reminder"
"Don't forget to report","reminder"
"Please remember to testing script","reminder"
"Please remember to report","reminder"
"Just reminding you about UI update","reminder"
"Ping me about API integration later","reminder"
"Make sure to signup bug before Monday","reminder"
"Double-check marketing plan today","reminder"
"Double-check signup bug today","reminder"
"Just reminding you about marketing plan","reminder"
"Follow up on database migration tomorrow","reminder"
"Keep in mind to invoice","reminder"
"Keep in mind to report","reminder"
"Don't forget to marketing plan","reminder"
"Ping me about signup bug later","reminder"
"Just reminding you about database migration","reminder"
"Keep in mind to database migration","reminder"
"Reminder: dashboard needs to be done by Thursday","reminder"
"Make sure to database migration before next week","reminder"
"Make sure to report before tomorrow","reminder"
"Don't forget to dashboard","reminder"
"Make sure to API integration before Monday","reminder"
"Make sure to marketing plan before tomorrow","reminder"
"Ping me about dashboard later","reminder"
"Follow up on testing script tomorrow","reminder"
"Set a reminder for database migration","reminder"
"Please remember to testing script","reminder"
"Follow up on database migration tomorrow","reminder"
"Reminder: report needs to be done by today","reminder"
"Set a reminder for UI update","reminder"
"Make sure to UI update before next week","reminder"
"Keep in mind to testing script","reminder"
"Reminder: UI update needs to be done by today","reminder"
"Don't forget to report","reminder"
"Follow up on report tomorrow","reminder"
"Keep in mind to report","reminder"
"Please remember to UI update","reminder"
"Double-check report today","reminder"
"Please remember to UI update","reminder"
"Double-check testing script today","reminder"
"Reminder: report needs to be done by Monday","reminder"
"Follow up on database migration tomorrow","reminder"
"Follow up on invoice tomorrow","reminder"
"Double-check report today","reminder"
"Ping me about marketing plan later","reminder"
"Just reminding you about database migration","reminder"
"Set a reminder for marketing plan","reminder"
"Make sure to UI update before next week","reminder"
"Please remember to signup bug","reminder"
"Double-check UI update today","reminder"
"Just reminding you about report","reminder"
"Just reminding you about marketing plan","reminder"
"Double-check testing script today","reminder"
"Keep in mind to database migration","reminder"
"Please remember to marketing plan","reminder"
"Ping me about UI update later","reminder"
"Follow up on marketing plan tomorrow","reminder"
"Keep in mind to invoice","reminder"
"Double-check dashboard today","reminder"
"Don't forget to report","reminder"
"Set a reminder for report","reminder"
"Don't forget to marketing plan","reminder"
"Keep in mind to database migration","reminder"
"Please remember to testing script","reminder"
"Reminder: report needs to be done by next week","reminder"
"Keep in mind to invoice","reminder"
"Reminder: database migration needs to be done by today","reminder"
"Set a reminder for signup bug","reminder"
"Don't forget to dashboard","reminder"
"Double-check dashboard today","reminder"
"Please remember to marketing plan","reminder"
"Make sure to testing script before next week","reminder"
"Keep in mind to UI update","reminder"
"Make sure to dashboard before today","reminder"
"Double-check marketing plan today","reminder"
"Ping me about report later","reminder"
"Make sure to testing script before tomorrow","reminder"
"Set a reminder for dashboard","reminder"
"Keep in mind to UI update","reminder"
"Follow up on invoice tomorrow","reminder"
"Please remember to testing script","reminder"
"Ping me about API integration later","reminder"
"Just reminding you about UI update","reminder"
"Ping me about report later","reminder"
"Keep in mind to API integration","reminder"
"Follow up on API integration tomorrow","reminder"
"Ping me about API integration later","reminder"
"Double-check database migration today","reminder"
"Just reminding you about API integration","reminder"
"Double-check report today","reminder"
"Double-check dashboard today","reminder"
"Please remember to signup bug","reminder"
"Follow up on testing script tomorrow","reminder"
"Don't forget to signup bug","reminder"
"Just reminding you about report","reminder"
"Follow up on dashboard tomorrow","reminder"
"Don't forget to testing script","reminder"
"Follow up on report tomorrow","reminder"
"Reminder: API integration needs to be done by Tuesday","reminder"
"Set a reminder for UI update","reminder"
"Set a reminder for marketing plan","reminder"
"Just reminding you about testing script","reminder"
"Don't forget to UI update","reminder"
"Make sure to UI update before Tuesday","reminder"
"Follow up on testing script tomorrow","reminder"
"Double-check database migration today","reminder"
"Reminder: signup bug needs to be done by Thursday","reminder"
"Reminder: UI update needs to be done by today","reminder"
"Keep in mind to database migration","reminder"
"Make sure to testing script before Monday","reminder"
"Keep in mind to testing script","reminder"
"Please remember to signup bug","reminder"
"Double-check UI update today","reminder"
"Make sure to UI update before Friday","reminder"
"Just reminding you about API integration","reminder"
"Reminder: signup bug needs to be done by Monday","reminder"
"Make sure to database migration before Wednesday","reminder"
"Please remember to database migration","reminder"
"Ping me about marketing plan later","reminder"
"That sounds good to me","no_event"
"Can you clarify that point?","no_event"
"How’s everyone doing today?","no_event"
"I like the new design","no_event"
"I like the new design","no_event"
"Any feedback from Maya?","no_event"
"How’s everyone doing today?","no_event"
"Can you clarify that point?","no_event"
"Any feedback from Alex?","no_event"
"How’s everyone doing today?","no_event"
"Yes, that makes sense","no_event"
"I like the new design","no_event"
"Good morning team!","no_event"
"Yes, that makes sense","no_event"
"Looks great, thanks!","no_event"
"I like the new design","no_event"
"I like the new design","no_event"
"What’s the update on marketing plan?","no_event"
"Looks great, thanks!","no_event"
"Good morning team!","no_event"
"Can you clarify that point?","no_event"
"That sounds good to me","no_event"
"That sounds good to me","no_event"
"I like the new design","no_event"
"Any feedback from Riya?","no_event"
"I’ll check and get back to you","no_event"
"How’s everyone doing today?","no_event"
"Good morning team!","no_event"
"Yes, that makes sense","no_event"
"Can you clarify that point?","no_event"
"What’s the update on testing script?","no_event"
"Looks great, thanks!","no_event"
"Looks great, thanks!","no_event"
"Good morning team!","no_event"
"What’s the update on report?","no_event"
"I like the new design","no_event"
"That sounds good to me","no_event"
"I’ll check and get back to you","no_event"
"Can you clarify that point?","no_event"
"I’ll check and get back to you","no_event"
"What’s the update on signup bug?","no_event"
"Looks great, thanks!","no_event"
"I like the new design","no_event"
"Good morning team!","no_event"
"Good morning team!","no_event"
"Looks great, thanks!","no_event"
"I’ll check and get back to you","no_event"
"How’s everyone doing today?","no_event"
"What’s the update on invoice?","no_event"
"How’s everyone doing today?","no_event"
"How’s everyone doing today?","no_event"
"Looks great, thanks!","no_event"
"Yes, that makes sense","no_event"
"I like the new design","no_event"
"Any feedback from Amit?","no_event"
"I like the new design","no_event"
"What’s the update on API integration?","no_event"
"Any feedback from Alex?","no_event"
"That sounds good to me","no_event"
"What’s the update on dashboard?","no_event"
"I like the new design","no_event"
"Good morning team!","no_event"
"How’s everyone doing today?","no_event"
"Any feedback from Priya?","no_event"
"How’s everyone doing today?","no_event"
"What’s the update on database migration?","no_event"
"That sounds good to me","no_event"
"That sounds good to me","no_event"
"Yes, that makes sense","no_event"
"I’ll check and get back to you","no_event"
"How’s everyone doing today?","no_event"
"Looks great, thanks!","no_event"
"Can you clarify that point?","no_event"
"Looks great, thanks!","no_event"
"Yes, that makes sense","no_event"
"How’s everyone doing today?","no_event"
"Good morning team!","no_event"
"I like the new design","no_event"
"Good morning team!","no_event"
"Good morning team!","no_event"
"I’ll check and get back to you","no_event"
"Looks great, thanks!","no_event"
"Can you clarify that point?","no_event"
"That sounds good to me","no_event"
"How’s everyone doing today?","no_event"
"That sounds good to me","no_event"
"Good morning team!","no_event"
"Good morning team!","no_event"
"What’s the update on marketing plan?","no_event"
"That sounds good to me","no_event"
"What’s the update on database migration?","no_event"
"Can you clarify that point?","no_event"
"Looks great, thanks!","no_event"
"Looks great, thanks!","no_event"
"Yes, that makes sense","no_event"
"Good morning team!","no_event"
"I’ll check and get back to you","no_event"
"What’s the update on testing script?","no_event"
"How’s everyone doing today?","no_event"
"How’s everyone doing today?","no_event"
"Yes, that makes sense","no_event"
"Good morning team!","no_event"
"Good morning team!","no_event"
"Can you clarify that point?","no_event"
"I like the new design","no_event"
"Can you clarify that point?","no_event"
"I’ll check and get back to you","no_event"
"Looks great, thanks!","no_event"
"Any feedback from Priya?","no_event"
"Looks great, thanks!","no_event"
"How’s everyone doing today?","no_event"
"What’s the update on report?","no_event"
"Looks great, thanks!","no_event"
"Good morning team!","no_event"
"What’s the update on invoice?","no_event"
"That sounds good to me","no_event"
"Can you clarify that point?","no_event"
"That sounds good to me","no_event"
"Looks great, thanks!","no_event"
"Yes, that makes sense","no_event"
"Yes, that makes sense","no_event"
"What’s the update on invoice?","no_event"
"Looks great, thanks!","no_event"
"I’ll check and get back to you","no_event"
"Looks great, thanks!","no_event"
"Good morning team!","no_event"
"Can you clarify that point?","no_event"
"I like the new design","no_event"
"How’s everyone doing today?","no_event"
"Can you clarify that point?","no_event"
"That sounds good to me","no_event"
"Yes, that makes sense","no_event"
"Good morning team!","no_event"
"I like the new design","no_event"
"I like the new design","no_event"
"Yes, that makes sense","no_event"
"Yes, that makes sense","no_event"
"Any feedback from Riya?","no_event"
"Yes, that makes sense","no_event"
"I like the new design","no_event"
"Looks great, thanks!","no_event"
"What’s the update on API integration?","no_event"
"How’s everyone doing today?","no_event"
"Good morning team!","no_event"
"Looks great, thanks!","no_event"
"Can you clarify that point?","no_event"
"How’s everyone doing today?","no_event"
"Looks great, thanks!","no_event"
"What’s the update on invoice?","no_event"
"Can you clarify that point?","no_event"
"Looks great, thanks!","no_event"
"That sounds good to me","no_event"
"How’s everyone doing today?","no_event"
"That sounds good to me","no_event"
"I’ll check and get back to you","no_event"
"I’ll check and get back to you","no_event"
"Yes, that makes sense","no_event"
"I’ll check and get back to you","no_event"
"Good morning team!","no_event"
"Can you clarify that point?","no_event"
"That sounds good to me","no_event"
"Any feedback from Amit?","no_event"
"Any feedback from Sam?","no_event"
"Any feedback from Amit?","no_event"
"Yes, that makes sense","no_event"
"I’ll check and get back to you","no_event"
"How’s everyone doing today?","no_event"
"Yes, that makes sense","no_event"
"Any feedback from Alex?","no_event"
"I like the new design","no_event"
"Good morning team!","no_event"
"I like the new design","no_event"
"I’ll check and get back to you","no_event"
"I’ll check and get back to you","no_event"
"I like the new design","no_event"
"Any feedback from Priya?","no_event"
"I’ll check and get back to you","no_event"
"How’s everyone doing today?","no_event"
"I’ll check and get back to you","no_event"
"Can you clarify that point?","no_event"
"Good morning team!","no_event"
"I like the new design","no_event"
"What’s the update on marketing plan?","no_event"
"Can you clarify that point?","no_event"
"Yes, that makes sense","no_event"
"Looks great, thanks!","no_event"
"That sounds good to me","no_event"
"What’s the update on signup bug?","no_event"
"Can you clarify that point?","no_event"
"That sounds good to me","no_event"
"Good morning team!","no_event"
"What’s the update on database migration?","no_event"
"What’s the update on UI update?","no_event"
"How’s everyone doing today?","no_event"
"How’s everyone doing today?","no_event"
"I’ll check and get back to you","no_event"
"I like the new design","no_event"
"Any feedback from Alex?","no_event"
"Any feedback from Sara?","no_event"
"Any feedback from Sam?","no_event"
"Yes, that makes sense","no_event"
"Can you clarify that point?","no_event"
"What’s the update on testing script?","no_event"
"Can you clarify that point?","no_event"
"Any feedback from Sam?","no_event"
"That sounds good to me","no_event"
"I’ll check and get back to you","no_event"
"Good morning team!","no_event"
"Can you clarify that point?","no_event"
"Yes, that makes sense","no_event"
"Yes, that makes sense","no_event"
"How’s everyone doing today?","no_event"
"Good morning team!","no_event"
"I like the new design","no_event"
"How’s everyone doing today?","no_event"
"That sounds good to me","no_event"
"I’ll check and get back to you","no_event"
"Good morning team!","no_event"
"That sounds good to me","no_event"
"What’s the update on signup bug?","no_event"
"I like the new design","no_event"
"How’s everyone doing today?","no_event"
"I’ll check and get back to you","no_event"
"I like the new design","no_event"
"Yes, that makes sense","no_event"
"Any feedback from Priya?","no_event"
"That sounds good to me","no_event"
"Any feedback from Riya?","no_event"
"I like the new design","no_event"
"Any feedback from John?","no_event"
"I like the new design","no_event"
"I like the new design","no_event"
"How’s everyone doing today?","no_event"
"How’s everyone doing today?","no_event"
"What’s the update on marketing plan?","no_event"
"Can you clarify that point?","no_event"
"Good morning team!","no_event"
"Yes, that makes sense","no_event"
"Looks great, thanks!","no_event"
"Can you clarify that point?","no_event"
"Good morning team!","no_event"
"Looks great, thanks!","no_event"
"I’ll check and get back to you","no_event"
"I like the new design","no_event"
"How’s everyone doing today?","no_event"
"Can you clarify that point?","no_event"
"I like the new design","no_event"
"Yes, that makes sense","no_event"
"How’s everyone doing today?","no_event"
"That sounds good to me","no_event"
"There’s a sync-up on today","event"
"There’s a sync-up on today","event"
"Let's catch up around 8PM Monday","event"
"Book a slot today at 4PM","event"
"Call with John today","event"
"Our next meeting is Tuesday","event"
"Our next meeting is today","event"
"Confirming our meeting time: 4PM on Monday","event"
"Let's catch up around 4PM next week","event"
"We have a discussion planned for tomorrow","event"
"Let's catch up around 2PM next week","event"
"There’s a sync-up on Monday","event"
"We have a discussion planned for today","event"
"We have a discussion planned for Thursday","event"
"We have a discussion planned for Monday","event"
"Our next meeting is next week","event"
"Book a slot Wednesday at 9AM","event"
"Quick standup Wednesday morning","event"
"Let's schedule a call tomorrow at 7PM","event"
"There’s a sync-up on Friday","event"
"Let's schedule a call Friday at 2PM","event"
"Let's schedule a call Thursday at 6PM","event"
"Confirming our meeting time: 2PM on tomorrow","event"
"Our next meeting is Thursday","event"
"Our next meeting is Monday","event"
"Book a slot today at 9AM","event"
"Call with John Friday","event"
"Our next meeting is Monday","event"
"We have a discussion planned for today","event"
"Quick standup Wednesday morning","event"
"Let's catch up around 4PM Wednesday","event"
"Our next meeting is Thursday","event"
"There’s a sync-up on Monday","event"
"Team huddle planned for next week","event"
"Confirming our meeting time: 2PM on Thursday","event"
"Confirming our meeting time: 7PM on today","event"
"Quick standup Monday morning","event"
"Book a slot tomorrow at 9AM","event"
"Book a slot Tuesday at 6PM","event"
"Team huddle planned for Tuesday","event"
"Team huddle planned for next week","event"
"Call with Amit Thursday","event"
"Our next meeting is Tuesday","event"
"Book a slot Tuesday at 8PM","event"
"Our next meeting is today","event"
"Let's schedule a call Monday at 7PM","event"
"Confirming our meeting time: 2PM on Tuesday","event"
"Quick standup tomorrow morning","event"
"We have a discussion planned for Wednesday","event"
"Let's catch up around 4PM Wednesday","event"
"Team huddle planned for Thursday","event"
"We have a discussion planned for Thursday","event"
"We have a discussion planned for Thursday","event"
"Let's schedule a call Wednesday at 6PM","event"
"Let's schedule a call next week at 6PM","event"
"Book a slot Wednesday at 9AM","event"
"Let's schedule a call Wednesday at 9AM","event"
"Call with Riya Tuesday","event"
"Let's schedule a call Wednesday at 2PM","event"
"We have a discussion planned for Thursday","event"
"Quick standup Wednesday morning","event"
"We have a discussion planned for Wednesday","event"
"Let's catch up around 9AM today","event"
"Let's schedule a call today at 2PM","event"
"Call with Sam Monday","event"
"Confirming our meeting time: 10AM on Thursday","event"
"We have a discussion planned for today","event"
"Team huddle planned for Tuesday","event"
"Confirming our meeting time: 10AM on Monday","event"
"We have a discussion planned for Monday","event"
"We have a discussion planned for Monday","event"
"Let's schedule a call today at 10AM","event"
"Our next meeting is Tuesday","event"
"Quick standup Tuesday morning","event"
"There’s a sync-up on Wednesday","event"
"Call with Amit Thursday","event"
"Our next meeting is Friday","event"
"We have a discussion planned for Friday","event"
"Confirming our meeting time: 7PM on Monday","event"
"Let's schedule a call tomorrow at 4PM","event"
"There’s a sync-up on Monday","event"
"Book a slot Tuesday at 4PM","event"
"Book a slot Friday at 10AM","event"
"We have a discussion planned for Tuesday","event"
"Book a slot Thursday at 10AM","event"
"Our next meeting is Monday","event"
"Team huddle planned for Wednesday","event"
"Let's schedule a call today at 10AM","event"
"Let's catch up around 7PM Thursday","event"
"Let's catch up around 2PM next week","event"
"Let's catch up around 10AM Friday","event"
"Our next meeting is Tuesday","event"
"Our next meeting is Thursday","event"
"Let's schedule a call Monday at 6PM","event"
"Quick standup tomorrow morning","event"
"Team huddle planned for Wednesday","event"
"We have a discussion planned for next week","event"
"Our next meeting is Friday","event"
"Call with John Wednesday","event"
"There’s a sync-up on Friday","event"
"There’s a sync-up on Wednesday","event"
"Let's catch up around 7PM tomorrow","event"
"Confirming our meeting time: 8PM on next week","event"
"Book a slot tomorrow at 8PM","event"
"Team huddle planned for Friday","event"
"Our next meeting is tomorrow","event"
"Let's catch up around 8PM today","event"
"Let's catch up around 8PM Thursday","event"
"Book a slot Thursday at 6PM","event"
"We have a discussion planned for next week","event"
"Our next meeting is Wednesday","event"
"We have a discussion planned for tomorrow","event"
"Book a slot next week at 10AM","event"
"Book a slot Tuesday at 2PM","event"
"Call with Sara today","event"
"Confirming our meeting time: 8PM on Wednesday","event"
"Our next meeting is Friday","event"
"Book a slot today at 2PM","event"
"There’s a sync-up on next week","event"
"Call with Riya tomorrow","event"
"Quick standup tomorrow morning","event"
"Quick standup next week morning","event"
"Call with Priya Wednesday","event"
"Book a slot next week at 8PM","event"
"Team huddle planned for Monday","event"
"Team huddle planned for Thursday","event"
"Let's catch up around 9AM Tuesday","event"
"Confirming our meeting time: 8PM on Friday","event"
"Our next meeting is tomorrow","event"
"Call with Priya next week","event"
"Book a slot next week at 6PM","event"
"Quick standup Friday morning","event"
"Team huddle planned for tomorrow","event"
"Book a slot Tuesday at 9AM","event"
"We have a discussion planned for today","event"
"Call with Alex Monday","event"
"Team huddle planned for Thursday","event"
"Quick standup today morning","event"
"Call with Alex Thursday","event"
"Call with Priya Wednesday","event"
"Our next meeting is tomorrow","event"
"Let's schedule a call Tuesday at 8PM","event"
"Let's schedule a call Friday at 7PM","event"
"Let's catch up around 9AM tomorrow","event"
"Confirming our meeting time: 8PM on tomorrow","event"
"Team huddle planned for Monday","event"
"Team huddle planned for next week","event"
"Book a slot Friday at 4PM","event"
"There’s a sync-up on Monday","event"
"Our next meeting is Wednesday","event"
"Book a slot Thursday at 7PM","event"
"Quick standup Monday morning","event"
"There’s a sync-up on next week","event"
"Our next meeting is next week","event"
"We have a discussion planned for Wednesday","event"
"Quick standup Friday morning","event"
"Confirming our meeting time: 2PM on Wednesday","event"
"Confirming our meeting time: 9AM on next week","event"
"We have a discussion planned for Monday","event"
"Book a slot next week at 7PM","event"
"Confirming our meeting time: 7PM on Monday","event"
"Quick standup Tuesday morning","event"
"Confirming our meeting time: 8PM on today","event"
"Book a slot today at 2PM","event"
"Let's catch up around 10AM tomorrow","event"
"Our next meeting is Thursday","event"
"Quick standup Tuesday morning","event"
"Confirming our meeting time: 10AM on today","event"
"Quick standup Thursday morning","event"
"Call with Priya Friday","event"
"Confirming our meeting time: 2PM on Thursday","event"
"Confirming our meeting time: 7PM on Wednesday","event"
"Let's catch up around 7PM today","event"
"Team huddle planned for Thursday","event"
"Our next meeting is Monday","event"
"Team huddle planned for next week","event"
"Confirming our meeting time: 9AM on next week","event"
"Call with Riya Tuesday","event"
"Book a slot Wednesday at 6PM","event"
"Let's schedule a call Tuesday at 7PM","event"
"Team huddle planned for next week","event"
"We have a discussion planned for next week","event"
"We have a discussion planned for Tuesday","event"
"Confirming our meeting time: 9AM on tomorrow","event"
"Quick standup Monday morning","event"
"There’s a sync-up on Thursday","event"
"Confirming our meeting time: 7PM on next week","event"
"Confirming our meeting time: 7PM on next week","event"
"Quick standup Thursday morning","event"
"Let's schedule a call Monday at 6PM","event"
"There’s a sync-up on next week","event"
"Call with Alex Wednesday","event"
"Let's catch up around 8PM Friday","event"
"Book a slot Tuesday at 9AM","event"
"Quick standup today morning","event"
"There’s a sync-up on tomorrow","event"
"Confirming our meeting time: 6PM on Tuesday","event"
"Quick standup next week morning","event"
"Call with John Tuesday","event"
"Quick standup Monday morning","event"
"Let's schedule a call Wednesday at 9AM","event"
"We have a discussion planned for next week","event"
"Quick standup tomorrow morning","event"
"Call with Riya Thursday","event"
"We have a discussion planned for Monday","event"
"There’s a sync-up on Tuesday","event"
"We have a discussion planned for next week","event"
"Team huddle planned for Monday","event"
"Our next meeting is Wednesday","event"
"Confirming our meeting time: 9AM on next week","event"
"Team huddle planned for tomorrow","event"
"There’s a sync-up on Tuesday","event"
"Team huddle planned for next week","event"
"There’s a sync-up on next week","event"
"Our next meeting is tomorrow","event"
"Confirming our meeting time: 8PM on Tuesday","event"
"There’s a sync-up on today","event"
"There’s a sync-up on Wednesday","event"
"Let's catch up around 7PM Wednesday","event"
"Quick standup Tuesday morning","event"
"Team huddle planned for tomorrow","event"
"Quick standup Friday morning","event"
"Call with Maya Thursday","event"
"Our next meeting is Tuesday","event"
"Let's schedule a call Thursday at 7PM","event"
"Confirming our meeting time: 6PM on next week","event"
"Let's catch up around 6PM Friday","event"
"Confirming our meeting time: 2PM on Wednesday","event"
"Quick standup next week morning","event"
"Team huddle planned for Tuesday","event"
"Our next meeting is today","event"
"We have a discussion planned for next week","event"
"Team huddle planned for Friday","event"
"Team huddle planned for Monday","event"
"Call with Sara today","event"
"There’s a sync-up on next week","event"
"Our next meeting is today","event"
"Let's schedule a call Wednesday at 8PM","event"
"Call with John tomorrow","event"
"Call with Priya today","event"
"There’s a sync-up on Tuesday","event"
"Quick standup next week morning","event"
"Let's catch up around 9AM Thursday","event"
"Confirming our meeting time: 7PM on Monday","event"
"We have a discussion planned for Thursday","event"
"Quick standup next week morning","event"
"Confirming our meeting time: 6PM on Monday","event"
"Quick standup tomorrow morning","event"
"Our next meeting is Friday","event"
"Team huddle planned for next week","event"
"Please finish the API integration soon","task"
"Please finish the marketing plan soon","task"
"Push API integration to production","task"
"Assign database migration to someone","task"
"Can you handle the API integration task?","task"
"Can you handle the invoice task?","task"
"Prepare slides for database migration","task"
"Fix any issues in testing script","task"
"Can you handle the API integration task?","task"
"Can you handle the API integration task?","task"
"Assign API integration to someone","task"
"Assign invoice to someone","task"
"Push dashboard to production","task"
"Update the dashboard report","task"
"Review the database migration details","task"
"Make sure the testing script is ready by Wednesday","task"
"Assign testing script to someone","task"
"Assign API integration to someone","task"
"Update the database migration report","task"
"We need testing script updates ASAP","task"
"Can you handle the invoice task?","task"
"Update the invoice report","task"
"Make sure the invoice is ready by Monday","task"
"Update the signup bug report","task"
"Update the database migration report","task"
"Push invoice to production","task"
"Can you handle the invoice task?","task"
"We need dashboard updates ASAP","task"
"Please finish the invoice soon","task"
"Assign API integration to someone","task"
"Please finish the report soon","task"
"Fix any issues in testing script","task"
"Assign invoice to someone","task"
"Fix any issues in invoice","task"
"Prepare slides for dashboard","task"
"Review the marketing plan details","task"
"Push dashboard to production","task"
"Assign API integration to someone","task"
"Update the UI update report","task"
"Can you handle the database migration task?","task"
"Review the report details","task"
"We need API integration updates ASAP","task"
"Update the UI update report","task"
"Assign dashboard to someone","task"
"Assign database migration to someone","task"
"Make sure the API integration is ready by today","task"
"Update the dashboard report","task"
"Can you handle the UI update task?","task"
"Assign report to someone","task"
"Review the UI update details","task"
"Please finish the signup bug soon","task"
"Assign signup bug to someone","task"
"Please finish the signup bug soon","task"
"Make sure the API integration is ready by Wednesday","task"
"Fix any issues in UI update","task"
"Can you handle the testing script task?","task"
"Prepare slides for signup bug","task"
"Review the signup bug details","task"
"Can you handle the invoice task?","task"
"Review the testing script details","task"
"Assign testing script to someone","task"
"Can you handle the testing script task?","task"
"We need UI update updates ASAP","task"
"Can you handle the signup bug task?","task"
"Fix any issues in invoice","task"
"Make sure the report is ready by Wednesday","task"
"Please finish the report soon","task"
"Assign UI update to someone","task"
"Can you handle the marketing plan task?","task"
"Fix any issues in API integration","task"
"Prepare slides for database migration","task"
"Fix any issues in API integration","task"
"Assign marketing plan to someone","task"
"Fix any issues in UI update","task"
"Please finish the database migration soon","task"
"Make sure the invoice is ready by next week","task"
"We need database migration updates ASAP","task"
"Can you handle the signup bug task?","task"
"Assign dashboard to someone","task"
"Assign database migration to someone","task"
"We need database migration updates ASAP","task"
"Assign testing script to someone","task"
"Update the signup bug report","task"
"Push testing script to production","task"
"Review the invoice details","task"
"Please finish the invoice soon","task"
"Update the report report","task"
"Can you handle the invoice task?","task"
"Can you handle the signup bug task?","task"
"Fix any issues in dashboard","task"
"We need dashboard updates ASAP","task"
"We need signup bug updates ASAP","task"
"Please finish the marketing plan soon","task"
"We need UI update updates ASAP","task"
"Update the invoice report","task"
"We need API integration updates ASAP","task"
"Please finish the dashboard soon","task"
"Fix any issues in marketing plan","task"
"Assign dashboard to someone","task"
"Update the dashboard report","task"
"We need signup bug updates ASAP","task"
"Assign testing script to someone","task"
"Make sure the marketing plan is ready by Tuesday","task"
"Fix any issues in invoice","task"
"Make sure the invoice is ready by today","task"
"Please finish the database migration soon","task"
"Assign invoice to someone","task"
"We need API integration updates ASAP","task"
"Prepare slides for marketing plan","task"
"Review the signup bug details","task"
"Push testing script to production","task"
"Fix any issues in UI update","task"
"Can you handle the report task?","task"
"Fix any issues in invoice","task"
"Update the API integration report","task"
"Fix any issues in UI update","task"
"Fix any issues in API integration","task"
"Update the report report","task"
"Assign testing script to someone","task"
"We need UI update updates ASAP","task"
"Review the testing script details","task"
"Can you handle the invoice task?","task"
"Please finish the API integration soon","task"
"Make sure the UI update is ready by today","task"
"Push API integration to production","task"
"Update the database migration report","task"
"Prepare slides for signup bug","task"
"Review the signup bug details","task"
"Update the report report","task"
"Can you handle the signup bug task?","task"
"Prepare slides for database migration","task"
"Push report to production","task"
"Assign database migration to someone","task"
"Update the API integration report","task"
"Assign UI update to someone","task"
"We need report updates ASAP","task"
"Prepare slides for testing script","task"
"Can you handle the API integration task?","task"
"Update the dashboard report","task"
"Update the API integration report","task"
"Please finish the UI update soon","task"
"Prepare slides for UI update","task"
"Push API integration to production","task"
"Prepare slides for UI update","task"
"Please finish the UI update soon","task"
"Prepare slides for testing script","task"
"Push invoice to production","task"
"Push report to production","task"
"Prepare slides for API integration","task"
"Fix any issues in invoice","task"
"Fix any issues in dashboard","task"
"Assign database migration to someone","task"
"Assign invoice to someone","task"
"Prepare slides for invoice","task"
"We need invoice updates ASAP","task"
"Can you handle the marketing plan task?","task"
"Push report to production","task"
"Fix any issues in signup bug","task"
"We need dashboard updates ASAP","task"
"Review the report details","task"
"Push signup bug to production","task"
"We need invoice updates ASAP","task"
"Push invoice to production","task"
"We need API integration updates ASAP","task"
"Update the API integration report","task"
"Assign dashboard to someone","task"
"Can you handle the database migration task?","task"
"Make sure the UI update is ready by tomorrow","task"
"Please finish the signup bug soon","task"
"Push testing script to production","task"
"Prepare slides for testing script","task"
"Prepare slides for database migration","task"
"Update the signup bug report","task"
"Update the testing script report","task"
"Can you handle the dashboard task?","task"
"Can you handle the marketing plan task?","task"
"Fix any issues in signup bug","task"
"Review the dashboard details","task"
"Can you handle the invoice task?","task"
"Can you handle the dashboard task?","task"
"Can you handle the invoice task?","task"
"Assign dashboard to someone","task"
"We need dashboard updates ASAP","task"
"Review the dashboard details","task"
"Please finish the signup bug soon","task"
"Fix any issues in marketing plan","task"
"Update the report report","task"
"Fix any issues in API integration","task"
"Assign testing script to someone","task"
"Review the API integration details","task"
"Review the invoice details","task"
"Update the marketing plan report","task"
"Please finish the invoice soon","task"
"Update the UI update report","task"
"Prepare slides for UI update","task"
"We need testing script updates ASAP","task"
"We need marketing plan updates ASAP","task"
"Prepare slides for database migration","task"
"Fix any issues in database migration","task"
"We need dashboard updates ASAP","task"
"Can you handle the signup bug task?","task"
"Can you handle the invoice task?","task"
"Assign database migration to someone","task"
"Update the report report","task"
"Prepare slides for dashboard","task"
"Can you handle the database migration task?","task"
"Make sure the signup bug is ready by today","task"
"Prepare slides for UI update","task"
"Push UI update to production","task"
"Make sure the UI update is ready by Wednesday","task"
"Make sure the API integration is ready by Thursday","task"
"Please finish the signup bug soon","task"
"Update the invoice report","task"
"Please finish the signup bug soon","task"
"We need marketing plan updates ASAP","task"
"Update the signup bug report","task"
"Can you handle the dashboard task?","task"
"Push API integration to production","task"
"Push API integration to production","task"
"Can you handle the invoice task?","task"
"Assign testing script to someone","task"
"Prepare slides for API integration","task"
"Make sure the database migration is ready by tomorrow","task"
"We need report updates ASAP","task"
"Can you handle the testing script task?","task"
"Please finish the API integration soon","task"
"Prepare slides for dashboard","task"
"Fix any issues in marketing plan","task"
"Fix any issues in marketing plan","task"
"Push signup bug to production","task"
"Update the testing script report","task"
"We need database migration updates ASAP","task"
"Fix any issues in report","task"
"Fix any issues in UI update","task"
"We need marketing plan updates ASAP","task"
"Push UI update to production","task"
"Review the testing script details","task"
"We need UI update updates ASAP","task"
"We need database migration updates ASAP","task"
"Make sure the dashboard is ready by tomorrow","task"
"Update the signup bug report","task"
"Prepare slides for API integration","task"
"Review the signup bug details","task"
"Update the marketing plan report","task"
"Update the dashboard report","task"
"Prepare slides for marketing plan","task"
"Make sure the API integration is ready by tomorrow","task"
"Assign UI update to someone","task"
"Push signup bug to production","task"
"Fix any issues in signup bug","task"
"Don't miss the signup bug submission","reminder"
"Set a reminder for signup bug","reminder"
"Just a reminder to report by tomorrow","reminder"
"Just a reminder to API integration by tomorrow","reminder"
"Remember our plan for Wednesday","reminder"
"Follow up with Riya on signup bug","reminder"
"Please don’t forget the marketing plan update","reminder"
"Please don’t forget the API integration update","reminder"
"Be sure to complete marketing plan soon","reminder"
"Remind the team about dashboard","reminder"
"Follow up with Alex on testing script","reminder"
"Just a reminder to testing script by next week","reminder"
"Be sure to complete testing script soon","reminder"
"Ping me when signup bug is done","reminder"
"Ping me when dashboard is done","reminder"
"Just a reminder to marketing plan by today","reminder"
"Don't miss the report submission","reminder"
"Be sure to complete testing script soon","reminder"
"Remind the team about signup bug","reminder"
"Be sure to complete report soon","reminder"
"Set a reminder for UI update","reminder"
"Make sure you UI update tomorrow","reminder"
"Be sure to complete dashboard soon","reminder"
"Please don’t forget the invoice update","reminder"
"Remember our plan for Monday","reminder"
"Ping me when signup bug is done","reminder"
"Make sure you database migration tomorrow","reminder"
"Make sure you signup bug tomorrow","reminder"
"Remind the team about signup bug","reminder"
"Follow up with John on signup bug","reminder"
"Make sure you invoice tomorrow","reminder"
"Just a reminder to invoice by Wednesday","reminder"
"Remember our plan for tomorrow","reminder"
"Set a reminder for dashboard","reminder"
"Be sure to complete UI update soon","reminder"
"Just a reminder to signup bug by Thursday","reminder"
"Please don’t forget the UI update update","reminder"
"Please don’t forget the marketing plan update","reminder"
"Please don’t forget the UI update update","reminder"
"Don't miss the signup bug submission","reminder"
"Just a reminder to dashboard by Wednesday","reminder"
"Don't miss the UI update submission","reminder"
"Remind the team about signup bug","reminder"
"Remind the team about UI update","reminder"
"Remind the team about dashboard","reminder"
"Follow up with Amit on report","reminder"
"Remember our plan for today","reminder"
"Just a reminder to report by Tuesday","reminder"
"Remember our plan for Tuesday","reminder"
"Don't miss the UI update submission","reminder"
"Remember our plan for Monday","reminder"
"Be sure to complete UI update soon","reminder"
"Follow up with Priya on invoice","reminder"
"Ping me when signup bug is done","reminder"
"Remind the team about invoice","reminder"
"Remember our plan for Friday","reminder"
"Set a reminder for UI update","reminder"
"Just a reminder to database migration by Tuesday","reminder"
"Follow up with Alex on report","reminder"
"Set a reminder for API integration","reminder"
"Don't miss the signup bug submission","reminder"
"Ping me when signup bug is done","reminder"
"Remember our plan for next week","reminder"
"Please don’t forget the signup bug update","reminder"
"Follow up with Priya on UI update","reminder"
"Follow up with John on API integration","reminder"
"Remind the team about API integration","reminder"
"Set a reminder for signup bug","reminder"
"Don't miss the marketing plan submission","reminder"
"Be sure to complete invoice soon","reminder"
"Don't miss the marketing plan submission","reminder"
"Just a reminder to report by Friday","reminder"
"Don't miss the UI update submission","reminder"
"Set a reminder for API integration","reminder"
"Just a reminder to UI update by next week","reminder"
"Just a reminder to invoice by tomorrow","reminder"
"Remember our plan for today","reminder"
"Remember our plan for Tuesday","reminder"
"Ping me when signup bug is done","reminder"
"Follow up with John on dashboard","reminder"
"Set a reminder for invoice","reminder"
"Please don’t forget the UI update update","reminder"
"Remember our plan for today","reminder"
"Set a reminder for database migration","reminder"
"Remind the team about marketing plan","reminder"
"Ping me when dashboard is done","reminder"
"Don't miss the signup bug submission","reminder"
"Remind the team about dashboard","reminder"
"Make sure you invoice tomorrow","reminder"
"Just a reminder to report by next week","reminder"
"Follow up with Riya on testing script","reminder"
"Make sure you signup bug tomorrow","reminder"
"Please don’t forget the UI update update","reminder"
"Set a reminder for dashboard","reminder"
"Ping me when UI update is done","reminder"
"Remember our plan for Wednesday","reminder"
"Just a reminder to UI update by today","reminder"
"Remind the team about signup bug","reminder"
"Don't miss the signup bug submission","reminder"
"Don't miss the dashboard submission","reminder"
"Be sure to complete database migration soon","reminder"
"Just a reminder to marketing plan by today","reminder"
"Ping me when signup bug is done","reminder"
"Please don’t forget the database migration update","reminder"
"Just a reminder to API integration by Monday","reminder"
"Make sure you marketing plan tomorrow","reminder"
"Just a reminder to signup bug by next week","reminder"
"Make sure you report tomorrow","reminder"
"Follow up with John on API integration","reminder"
"Set a reminder for API integration","reminder"
"Set a reminder for UI update","reminder"
"Be sure to complete marketing plan soon","reminder"
"Please don’t forget the database migration update","reminder"
"Remind the team about signup bug","reminder"
"Remind the team about marketing plan","reminder"
"Don't miss the testing script submission","reminder"
"Please don’t forget the dashboard update","reminder"
"Be sure to complete database migration soon","reminder"
"Remind the team about invoice","reminder"
"Make sure you dashboard tomorrow","reminder"
"Be sure to complete dashboard soon","reminder"
"Just a reminder to testing script by Tuesday","reminder"
"Follow up with Alex on marketing plan","reminder"
"Ping me when marketing plan is done","reminder"
"Please don’t forget the UI update update","reminder"
"Ping me when report is done","reminder"
"Please don’t forget the database migration update","reminder"
"Be sure to complete database migration soon","reminder"
"Remember our plan for Wednesday","reminder"
"Make sure you report tomorrow","reminder"
"Remember our plan for Friday","reminder"
"Ping me when dashboard is done","reminder"
"Follow up with Priya on UI update","reminder"
"Remember our plan for next week","reminder"
"Make sure you UI update tomorrow","reminder"
"Don't miss the database migration submission","reminder"
"Make sure you signup bug tomorrow","reminder"
"Don't miss the dashboard submission","reminder"
"Make sure you API integration tomorrow","reminder"
"Just a reminder to marketing plan by Monday","reminder"
"Ping me when database migration is done","reminder"
"Make sure you signup bug tomorrow","reminder"
"Set a reminder for database migration","reminder"
"Just a reminder to invoice by today","reminder"
"Don't miss the marketing plan submission","reminder"
"Follow up with Maya on report","reminder"
"Ping me when API integration is done","reminder"
"Don't miss the API integration submission","reminder"
"Make sure you API integration tomorrow","reminder"
"Set a reminder for UI update","reminder"
"Ping me when marketing plan is done","reminder"
"Don't miss the invoice submission","reminder"
"Remember our plan for tomorrow","reminder"
"Don't miss the invoice submission","reminder"
"Be sure to complete testing script soon","reminder"
"Remind the team about signup bug","reminder"
"Follow up with John on UI update","reminder"
"Remind the team about database migration","reminder"
"Ping me when report is done","reminder"
"Don't miss the marketing plan submission","reminder"
"Don't miss the report submission","reminder"
"Make sure you report tomorrow","reminder"
"Remember our plan for next week","reminder"
"Be sure to complete testing script soon","reminder"
"Set a reminder for invoice","reminder"
"Make sure you database migration tomorrow","reminder"
"Remind the team about testing script","reminder"
"Make sure you report tomorrow","reminder"
"Be sure to complete dashboard soon","reminder"
"Be sure to complete invoice soon","reminder"
"Be sure to complete marketing plan soon","reminder"
"Follow up with Riya on marketing plan","reminder"
"Set a reminder for database migration","reminder"
"Be sure to complete invoice soon","reminder"
"Please don’t forget the report update","reminder"
"Please don’t forget the invoice update","reminder"
"Make sure you database migration tomorrow","reminder"
"Remember our plan for today","reminder"
"Please don’t forget the invoice update","reminder"
"Remind the team about marketing plan","reminder"
"Set a reminder for API integration","reminder"
"Please don’t forget the report update","reminder"
"Remember our plan for Wednesday","reminder"
"Remember our plan for today","reminder"
"Don't miss the API integration submission","reminder"
"Follow up with Sara on signup bug","reminder"
"Ping me when testing script is done","reminder"
"Don't miss the dashboard submission","reminder"
"Don't miss the invoice submission","reminder"
"Be sure to complete dashboard soon","reminder"
"Remember our plan for Friday","reminder"
"Follow up with John on invoice","reminder"
"Remember our plan for Tuesday","reminder"
"Ping me when signup bug is done","reminder"
"Be sure to complete marketing plan soon","reminder"
"Please don’t forget the invoice update","reminder"
"Just a reminder to UI update by Friday","reminder"
"Make sure you dashboard tomorrow","reminder"
"Remind the team about invoice","reminder"
"Remind the team about UI update","reminder"
"Set a reminder for report","reminder"
"Please don’t forget the signup bug update","reminder"
"Don't miss the database migration submission","reminder"
"Ping me when invoice is done","reminder"
"Remember our plan for Monday","reminder"
"Set a reminder for signup bug","reminder"
"Remind the team about dashboard","reminder"
"Follow up with John on invoice","reminder"
"Follow up with Amit on marketing plan","reminder"
"Don't miss the UI update submission","reminder"
"Remember our plan for Monday","reminder"
"Be sure to complete signup bug soon","reminder"
"Don't miss the invoice submission","reminder"
"Remind the team about signup bug","reminder"
"Remind the team about dashboard","reminder"
"Be sure to complete database migration soon","reminder"
"Remind the team about invoice","reminder"
"Please don’t forget the report update","reminder"
"Remember our plan for Thursday","reminder"
"Remember our plan for tomorrow","reminder"
"Ping me when marketing plan is done","reminder"
"Please don’t forget the UI update update","reminder"
"Just a reminder to marketing plan by Friday","reminder"
"Make sure you invoice tomorrow","reminder"
"Ping me when signup bug is done","reminder"
"Remember our plan for Thursday","reminder"
"Remember our plan for Thursday","reminder"
"Please don’t forget the invoice update","reminder"
"Follow up with Alex on database migration","reminder"
"Remember our plan for Monday","reminder"
"Remember our plan for tomorrow","reminder"
"Please don’t forget the dashboard update","reminder"
"Make sure you report tomorrow","reminder"
"Just a reminder to API integration by Monday","reminder"
"Please don’t forget the UI update update","reminder"
"Set a reminder for dashboard","reminder"
"Don't miss the database migration submission","reminder"
"Ping me when invoice is done","reminder"
"Be sure to complete testing script soon","reminder"
"Ping me when dashboard is done","reminder"
"Just a reminder to dashboard by Monday","reminder"
"Please don’t forget the marketing plan update","reminder"
"Remember our plan for Thursday","reminder"
"Remember our plan for Wednesday","reminder"
"Just a reminder to dashboard by tomorrow","reminder"
"Follow up with Sara on API integration","reminder"
"Make sure you invoice tomorrow","reminder"
"Just a reminder to database migration by today","reminder"
"Be sure to complete testing script soon","reminder"
"Be sure to complete testing script soon","reminder"
"What do you think, John?","no_event"
"How does everyone feel about this?","no_event"
"Thanks for sharing this","no_event"
"Can you explain the last point?","no_event"
"What do you think, Sara?","no_event"
"How does everyone feel about this?","no_event"
"How does everyone feel about this?","no_event"
"I’ll check that out","no_event"
"Thanks for sharing this","no_event"
"What do you think, Amit?","no_event"
"I’ll check that out","no_event"
"Thanks for sharing this","no_event"
"Can you explain the last point?","no_event"
"Great progress everyone!","no_event"
"How does everyone feel about this?","no_event"
"That's interesting, tell me more","no_event"
"How does everyone feel about this?","no_event"
"Great progress everyone!","no_event"
"Thanks for sharing this","no_event"
"That's interesting, tell me more","no_event"
"I agree with that idea","no_event"
"That's interesting, tell me more","no_event"
"Yes, that's correct","no_event"
"How does everyone feel about this?","no_event"
"Can you explain the last point?","no_event"
"Thanks for sharing this","no_event"
"I agree with that idea","no_event"
"How does everyone feel about this?","no_event"
"Thanks for sharing this","no_event"
"Great progress everyone!","no_event"
"How does everyone feel about this?","no_event"
"Let’s discuss that change","no_event"
"That's interesting, tell me more","no_event"
"I agree with that idea","no_event"
"Yes, that's correct","no_event"
"I agree with that idea","no_event"
"Great progress everyone!","no_event"
"Great progress everyone!","no_event"
"Can you explain the last point?","no_event"
"How does everyone feel about this?","no_event"
"Thanks for sharing this","no_event"
"What do you think, Maya?","no_event"
"What do you think, John?","no_event"
"What do you think, John?","no_event"
"Thanks for sharing this","no_event"
"I’ll check that out","no_event"
"How does everyone feel about this?","no_event"
"Let’s discuss that change","no_event"
"Yes, that's correct","no_event"
"Great progress everyone!","no_event"
"Thanks for sharing this","no_event"
"Can you explain the last point?","no_event"
"Thanks for sharing this","no_event"
"Let’s discuss that change","no_event"
"Can you explain the last point?","no_event"
"Yes, that's correct","no_event"
"Can you explain the last point?","no_event"
"What do you think, Sam?","no_event"
"I’ll check that out","no_event"
"I’ll check that out","no_event"
"Let’s discuss that change","no_event"
"Thanks for sharing this","no_event"
"I’ll check that out","no_event"
"I’ll check that out","no_event"
"I agree with that idea","no_event"
"Can you explain the last point?","no_event"
"Yes, that's correct","no_event"
"Let’s discuss that change","no_event"
"Great progress everyone!","no_event"
"What do you think, Priya?","no_event"
"I’ll check that out","no_event"
"Let’s discuss that change","no_event"
"Can you explain the last point?","no_event"
"Can you explain the last point?","no_event"
"Yes, that's correct","no_event"
"I’ll check that out","no_event"
"I agree with that idea","no_event"
"Can you explain the last point?","no_event"
"Great progress everyone!","no_event"
"Yes, that's correct","no_event"
"Thanks for sharing this","no_event"
"I’ll check that out","no_event"
"What do you think, Maya?","no_event"
"Thanks for sharing this","no_event"
"What do you think, John?","no_event"
"I’ll check that out","no_event"
"How does everyone feel about this?","no_event"
"Let’s discuss that change","no_event"
"Yes, that's correct","no_event"
"Can you explain the last point?","no_event"
"That's interesting, tell me more","no_event"
"Yes, that's correct","no_event"
"What do you think, Alex?","no_event"
"I agree with that idea","no_event"
"How does everyone feel about this?","no_event"
"Yes, that's correct","no_event"
"Let’s discuss that change","no_event"
"Can you explain the last point?","no_event"
"Let’s discuss that change","no_event"
"Thanks for sharing this","no_event"
"I’ll check that out","no_event"
"How does everyone feel about this?","no_event"
"I agree with that idea","no_event"
"I’ll check that out","no_event"
"What do you think, Maya?","no_event"
"I agree with that idea","no_event"
"What do you think, Priya?","no_event"
"Great progress everyone!","no_event"
"Can you explain the last point?","no_event"
"I agree with that idea","no_event"
"Yes, that's correct","no_event"
"Thanks for sharing this","no_event"
"Let’s discuss that change","no_event"
"Thanks for sharing this","no_event"
"Great progress everyone!","no_event"
"How does everyone feel about this?","no_event"
"How does everyone feel about this?","no_event"
"Let’s discuss that change","no_event"
"Can you explain the last point?","no_event"
"Yes, that's correct","no_event"
"I’ll check that out","no_event"
"Let’s discuss that change","no_event"
"Yes, that's correct","no_event"
"I’ll check that out","no_event"
"Thanks for sharing this","no_event"
"Can you explain the last point?","no_event"
"Let’s discuss that change","no_event"
"That's interesting, tell me more","no_event"
"What do you think, Priya?","no_event"
"That's interesting, tell me more","no_event"
"Thanks for sharing this","no_event"
"Let’s discuss that change","no_event"
"Let’s discuss that change","no_event"
"What do you think, John?","no_event"
"Let’s discuss that change","no_event"
"That's interesting, tell me more","no_event"
"I agree with that idea","no_event"
"I agree with that idea","no_event"
"Great progress everyone!","no_event"
"I’ll check that out","no_event"
"I agree with that idea","no_event"
"That's interesting, tell me more","no_event"
"How does everyone feel about this?","no_event"
"What do you think, Sara?","no_event"
"Thanks for sharing this","no_event"
"Great progress everyone!","no_event"
"How does everyone feel about this?","no_event"
"That's interesting, tell me more","no_event"
"Can you explain the last point?","no_event"
"Great progress everyone!","no_event"
"Yes, that's correct","no_event"
"How does everyone feel about this?","no_event"
"Can you explain the last point?","no_event"
"Thanks for sharing this","no_event"
"Thanks for sharing this","no_event"
"Yes, that's correct","no_event"
"Thanks for sharing this","no_event"
"I agree with that idea","no_event"
"That's interesting, tell me more","no_event"
"What do you think, Amit?","no_event"
"Let’s discuss that change","no_event"
"I’ll check that out","no_event"
"That's interesting, tell me more","no_event"
"Great progress everyone!","no_event"
"Great progress everyone!","no_event"
"Thanks for sharing this","no_event"
"What do you think, Sam?","no_event"
"Yes, that's correct","no_event"
"That's interesting, tell me more","no_event"
"Yes, that's correct","no_event"
"Yes, that's correct","no_event"
"Thanks for sharing this","no_event"
"Let’s discuss that change","no_event"
"Great progress everyone!","no_event"
"That's interesting, tell me more","no_event"
"Let’s discuss that change","no_event"
"Yes, that's correct","no_event"
"That's interesting, tell me more","no_event"
"Great progress everyone!","no_event"
"Thanks for sharing this","no_event"
"Thanks for sharing this","no_event"
"Great progress everyone!","no_event"
"Yes, that's correct","no_event"
"I’ll check that out","no_event"
"What do you think, Sara?","no_event"
"Can you explain the last point?","no_event"
"Yes, that's correct","no_event"
"How does everyone feel about this?","no_event"
"How does everyone feel about this?","no_event"
"I’ll check that out","no_event"
"Great progress everyone!","no_event"
"I agree with that idea","no_event"
"Yes, that's correct","no_event"
"Let’s discuss that change","no_event"
"How does everyone feel about this?","no_event"
"I agree with that idea","no_event"
"Can you explain the last point?","no_event"
"What do you think, Alex?","no_event"
"How does everyone feel about this?","no_event"
"Yes, that's correct","no_event"
"Thanks for sharing this","no_event"
"What do you think, Maya?","no_event"
"Can you explain the last point?","no_event"
"What do you think, Priya?","no_event"
"How does everyone feel about this?","no_event"
"Thanks for sharing this","no_event"
"I agree with that idea","no_event"
"I’ll check that out","no_event"
"Yes, that's correct","no_event"
"Let’s discuss that change","no_event"
"I’ll check that out","no_event"
"I agree with that idea","no_event"
"How does everyone feel about this?","no_event"
"How does everyone feel about this?","no_event"
"I’ll check that out","no_event"
"What do you think, Maya?","no_event"
"What do you think, Alex?","no_event"
"Yes, that's correct","no_event"
"Thanks for sharing this","no_event"
"Let’s discuss that change","no_event"
"I agree with that idea","no_event"
"That's interesting, tell me more","no_event"
"That's interesting, tell me more","no_event"
"Great progress everyone!","no_event"
"Can you explain the last point?","no_event"
"Yes, that's correct","no_event"
"That's interesting, tell me more","no_event"
"How does everyone feel about this?","no_event"
"What do you think, John?","no_event"
"Let’s discuss that change","no_event"
"Let’s discuss that change","no_event"
"Thanks for sharing this","no_event"
"That's interesting, tell me more","no_event"
"Yes, that's correct","no_event"
"Great progress everyone!","no_event"
"I’ll check that out","no_event"
"Let’s discuss that change","no_event"
"Let’s discuss that change","no_event"
"Great progress everyone!","no_event"
"What do you think, Sam?","no_event"
"That's interesting, tell me more","no_event"
"Great progress everyone!","no_event"
"Can you explain the last point?","no_event"
"I agree with that idea","no_event"
"Let’s discuss that change","no_event"
"Great progress everyone!","no_event"
"I’ll check that out","no_event"
"What do you think, Riya?","no_event"
"I’ll check that out","no_event"
"Thanks for sharing this","no_event"
